CustomerID,AccountAgeMonths,LastTransactionDate,Churned,TotalSpentLastYear,CustomerSatisfactionScore
1,77,2023-01-01,False,4172,4
2,26,2023-01-02,False,850,9
3,61,2023-01-03,False,941,7
4,104,2023-01-04,True,214,2
5,84,2023-01-05,False,240,5
6,46,2023-01-06,True,1757,5
7,46,2023-01-07,True,2475,7
8,105,2023-01-08,True,3253,4
9,93,2023-01-09,False,4914,5
10,13,2023-01-10,False,3643,3
11,118,2023-01-11,True,1030,1
12,43,2023-01-12,True,3077,6
13,67,2023-01-13,True,3170,7
14,95,2023-01-14,False,865,2
15,88,2023-01-15,False,399,4
16,44,2023-01-16,True,453,7
17,14,2023-01-17,False,3668,7
18,61,2023-01-18,False,3007,3
19,58,2023-01-19,False,203,5
20,65,2023-01-20,False,932,5
21,45,2023-01-21,False,4476,2
22,21,2023-01-22,False,3656,8
23,20,2023-01-23,False,3160,6
24,74,2023-01-24,True,4458,6
25,27,2023-01-25,True,439,8
26,56,2023-01-26,False,4950,4
27,66,2023-01-27,True,1154,2
28,105,2023-01-28,False,2018,5
29,19,2023-01-29,False,3902,1
30,7,2023-01-30,True,2775,8
31,78,2023-01-31,False,4680,8
32,47,2023-02-01,True,4480,5
33,33,2023-02-02,True,707,9
34,14,2023-02-03,False,3225,6
35,98,2023-02-04,True,1783,8
36,96,2023-02-05,False,3036,7
37,40,2023-02-06,False,4900,5
38,100,2023-02-07,True,4863,6
39,106,2023-02-08,True,1610,9
40,107,2023-02-09,False,3103,9
41,32,2023-02-10,True,492,5
42,64,2023-02-11,False,1036,7
43,56,2023-02-12,False,2989,4
44,35,2023-02-13,False,3589,1
45,16,2023-02-14,False,2923,7
46,103,2023-02-15,False,2932,2
47,119,2023-02-16,True,1455,5
48,60,2023-02-17,True,2116,2
49,33,2023-02-18,True,475,7
50,31,2023-02-19,False,4986,6
51,46,2023-02-20,False,460,3
52,105,2023-02-21,True,3111,1
53,51,2023-02-22,True,3163,6
54,44,2023-02-23,False,216,6
55,96,2023-02-24,False,1785,4
56,103,2023-02-25,False,1109,3
57,54,2023-02-26,True,4109,4
58,111,2023-02-27,True,2548,8
59,108,2023-02-28,True,2132,3
60,88,2023-03-01,True,3838,6
61,110,2023-03-02,True,3148,3
62,52,2023-03-03,False,132,7
63,5,2023-03-04,True,4909,7
64,32,2023-03-05,True,2925,4
65,114,2023-03-06,False,253,4
66,32,2023-03-07,False,2460,8
67,65,2023-03-08,True,2572,6
68,55,2023-03-09,True,798,6
69,40,2023-03-10,True,4758,6
70,89,2023-03-11,False,4873,6
71,33,2023-03-12,False,3747,2
72,101,2023-03-13,False,883,9
73,25,2023-03-14,False,4734,8
74,103,2023-03-15,False,2548,1
75,111,2023-03-16,True,1688,4
76,18,2023-03-17,True,3938,8
77,26,2023-03-18,False,240,1
78,76,2023-03-19,False,4687,5
79,95,2023-03-20,True,4808,3
80,87,2023-03-21,False,4577,1
81,45,2023-03-22,True,2253,8
82,79,2023-03-23,False,2803,8
83,77,2023-03-24,True,3988,2
84,12,2023-03-25,True,642,1
85,112,2023-03-26,False,1709,3
86,9,2023-03-27,True,2319,5
87,29,2023-03-28,False,4684,4
88,100,2023-03-29,True,2275,4
89,50,2023-03-30,False,3607,9
90,89,2023-03-31,False,3293,7
91,78,2023-04-01,True,2921,1
92,60,2023-04-02,True,2101,9
93,78,2023-04-03,False,1730,2
94,69,2023-04-04,False,1041,5
95,67,2023-04-05,False,4969,6
96,42,2023-04-06,False,1695,5
97,75,2023-04-07,False,2702,8
98,54,2023-04-08,False,1476,1
99,96,2023-04-09,True,1130,5
100,53,2023-04-10,False,1110,5
101,14,2023-04-11,False,3252,1
102,95,2023-04-12,True,2882,9
103,4,2023-04-13,True,287,3
104,7,2023-04-14,False,24,7
105,70,2023-04-15,False,4880,1
106,97,2023-04-16,True,4506,2
107,75,2023-04-17,False,4230,3
108,95,2023-04-18,False,2191,6
109,117,2023-04-19,False,3542,9
110,11,2023-04-20,False,2845,1
111,102,2023-04-21,True,3048,4
112,48,2023-04-22,True,654,2
113,10,2023-04-23,False,154,1
114,98,2023-04-24,True,2238,1
115,13,2023-04-25,False,3719,3
116,81,2023-04-26,False,390,8
117,118,2023-04-27,False,3563,9
118,63,2023-04-28,True,4650,6
119,106,2023-04-29,True,4018,9
120,5,2023-04-30,False,1605,3
121,63,2023-05-01,False,3093,3
122,88,2023-05-02,True,2521,2
123,10,2023-05-03,False,3056,6
124,105,2023-05-04,False,4159,5
125,29,2023-05-05,True,3096,3
126,46,2023-05-06,True,1260,8
127,114,2023-05-07,True,771,4
128,59,2023-05-08,False,3102,8
129,40,2023-05-09,True,732,4
130,73,2023-05-10,False,2010,8
131,89,2023-05-11,False,1136,2
132,111,2023-05-12,False,1356,5
133,108,2023-05-13,True,1776,2
134,12,2023-05-14,False,4021,7
135,70,2023-05-15,False,2156,5
136,98,2023-05-16,False,4238,6
137,90,2023-05-17,False,907,8
138,37,2023-05-18,False,2447,2
139,34,2023-05-19,False,2139,9
140,48,2023-05-20,True,161,7
141,109,2023-05-21,False,4961,8
142,24,2023-05-22,False,3708,2
143,93,2023-05-23,True,1265,7
144,21,2023-05-24,False,2638,5
145,90,2023-05-25,True,1464,9
146,27,2023-05-26,True,4957,4
147,109,2023-05-27,True,1449,5
148,99,2023-05-28,True,4122,6
149,69,2023-05-29,True,4625,3
150,113,2023-05-30,False,4772,4
151,6,2023-05-31,False,1592,9
152,94,2023-06-01,False,2422,9
153,14,2023-06-02,False,3218,9
154,14,2023-06-03,True,2840,6
155,112,2023-06-04,False,913,7
156,72,2023-06-05,True,2277,6
157,49,2023-06-06,False,2018,3
158,82,2023-06-07,False,2636,7
159,117,2023-06-08,False,2323,3
160,15,2023-06-09,True,1494,8
161,43,2023-06-10,True,3620,8
162,62,2023-06-11,True,1699,1
163,31,2023-06-12,False,326,1
164,50,2023-06-13,False,3375,6
165,36,2023-06-14,True,4067,3
166,75,2023-06-15,False,2846,6
167,96,2023-06-16,False,682,1
168,112,2023-06-17,False,3798,9
169,92,2023-06-18,False,4810,5
170,4,2023-06-19,False,2354,7
171,38,2023-06-20,True,2938,1
172,69,2023-06-21,True,1037,5
173,74,2023-06-22,True,3245,3
174,62,2023-06-23,True,807,1
175,96,2023-06-24,False,4846,3
176,60,2023-06-25,True,4554,9
177,35,2023-06-26,False,4039,7
178,85,2023-06-27,False,2126,3
179,14,2023-06-28,True,323,1
180,18,2023-06-29,True,3472,8
181,93,2023-06-30,True,66,8
182,15,2023-07-01,True,3963,4
183,67,2023-07-02,True,2106,9
184,97,2023-07-03,False,1426,9
185,105,2023-07-04,False,370,7
186,31,2023-07-05,False,1503,6
187,15,2023-07-06,False,4494,8
188,73,2023-07-07,False,2841,3
189,104,2023-07-08,False,2069,9
190,51,2023-07-09,False,3247,5
191,98,2023-07-10,True,3674,6
192,5,2023-07-11,True,1768,7
193,94,2023-07-12,True,1434,5
194,21,2023-07-13,True,4446,4
195,17,2023-07-14,True,228,3
196,17,2023-07-15,False,4663,7
197,71,2023-07-16,True,3276,3
198,82,2023-07-17,True,2744,6
199,6,2023-07-18,False,3116,5
200,18,2023-07-19,False,3151,1
201,34,2023-07-20,False,2488,7
202,101,2023-07-21,True,2216,9
203,54,2023-07-22,False,2571,4
204,96,2023-07-23,False,2750,3
205,79,2023-07-24,False,1719,4
206,25,2023-07-25,True,2241,4
207,59,2023-07-26,True,1082,2
208,24,2023-07-27,False,1918,4
209,78,2023-07-28,False,969,5
210,71,2023-07-29,False,3778,5
211,42,2023-07-30,True,4837,9
212,9,2023-07-31,False,1936,3
213,76,2023-08-01,False,2600,7
214,106,2023-08-02,False,4598,4
215,29,2023-08-03,False,2433,4
216,79,2023-08-04,True,4195,6
217,82,2023-08-05,False,876,6
218,104,2023-08-06,True,3819,9
219,37,2023-08-07,False,2195,9
220,31,2023-08-08,True,3530,7
221,80,2023-08-09,False,2547,9
222,12,2023-08-10,False,4734,6
223,108,2023-08-11,True,4958,6
224,33,2023-08-12,False,2734,1
225,72,2023-08-13,False,2717,7
226,41,2023-08-14,False,1199,7
227,41,2023-08-15,True,4428,9
228,115,2023-08-16,True,986,2
229,41,2023-08-17,True,4624,6
230,94,2023-08-18,False,2920,7
231,91,2023-08-19,True,664,1
232,26,2023-08-20,True,4677,5
233,53,2023-08-21,True,549,5
234,1,2023-08-22,False,94,5
235,62,2023-08-23,True,3077,6
236,53,2023-08-24,True,1882,4
237,97,2023-08-25,True,960,4
238,2,2023-08-26,True,997,6
239,76,2023-08-27,False,401,6
240,100,2023-08-28,False,3959,2
241,43,2023-08-29,False,465,7
242,80,2023-08-30,True,2641,1
243,41,2023-08-31,False,3967,4
244,69,2023-09-01,True,3428,7
245,73,2023-09-02,False,427,6
246,16,2023-09-03,False,2598,3
247,61,2023-09-04,False,1231,1
248,25,2023-09-05,False,2977,5
249,23,2023-09-06,True,875,4
250,49,2023-09-07,False,11,3
251,62,2023-09-08,False,2539,4
252,28,2023-09-09,False,2779,4
253,84,2023-09-10,True,2180,2
254,9,2023-09-11,False,3127,9
255,35,2023-09-12,True,3476,8
256,56,2023-09-13,True,2775,4
257,50,2023-09-14,True,3931,7
258,54,2023-09-15,False,3787,3
259,64,2023-09-16,False,2771,3
260,54,2023-09-17,False,802,7
261,68,2023-09-18,False,2006,7
262,115,2023-09-19,False,4953,1
263,55,2023-09-20,True,2375,4
264,84,2023-09-21,False,1467,8
265,117,2023-09-22,False,1176,6
266,66,2023-09-23,True,2259,1
267,116,2023-09-24,False,4915,3
268,6,2023-09-25,True,1153,1
269,38,2023-09-26,False,1982,3
270,58,2023-09-27,False,231,3
271,66,2023-09-28,True,101,4
272,60,2023-09-29,False,3606,4
273,63,2023-09-30,True,1755,4
274,59,2023-10-01,False,99,2
275,12,2023-10-02,False,2626,1
276,80,2023-10-03,True,1823,7
277,101,2023-10-04,True,4442,4
278,96,2023-10-05,True,4404,1
279,101,2023-10-06,True,2396,6
280,13,2023-10-07,False,540,7
281,66,2023-10-08,False,4788,5
282,11,2023-10-09,True,1306,6
283,105,2023-10-10,False,918,8
284,60,2023-10-11,True,453,8
285,24,2023-10-12,False,4156,1
286,109,2023-10-13,True,4934,9
287,46,2023-10-14,False,4396,1
288,63,2023-10-15,False,4173,9
289,89,2023-10-16,True,533,4
290,90,2023-10-17,True,701,1
291,12,2023-10-18,True,3922,2
292,73,2023-10-19,True,911,4
293,45,2023-10-20,True,894,5
294,89,2023-10-21,False,4085,4
295,91,2023-10-22,True,4710,8
296,69,2023-10-23,True,2829,2
297,80,2023-10-24,True,85,8
298,18,2023-10-25,False,4263,3
299,113,2023-10-26,True,4753,7
300,87,2023-10-27,False,4604,8
301,88,2023-10-28,True,3276,4
302,119,2023-10-29,False,224,8
303,109,2023-10-30,True,1219,8
304,92,2023-10-31,False,1930,2
305,50,2023-11-01,False,2585,7
306,56,2023-11-02,True,661,5
307,20,2023-11-03,True,2888,7
308,53,2023-11-04,True,2394,7
309,76,2023-11-05,True,1917,1
310,1,2023-11-06,True,338,5
311,41,2023-11-07,False,4384,2
312,81,2023-11-08,True,4169,2
313,109,2023-11-09,True,429,7
314,70,2023-11-10,False,69,1
315,15,2023-11-11,False,4217,3
316,25,2023-11-12,False,3734,7
317,24,2023-11-13,True,4545,9
318,85,2023-11-14,False,2609,8
319,7,2023-11-15,False,4445,2
320,7,2023-11-16,True,2446,3
321,18,2023-11-17,False,1081,2
322,13,2023-11-18,False,3902,9
323,112,2023-11-19,False,4800,5
324,41,2023-11-20,False,2226,4
325,79,2023-11-21,True,3257,4
326,84,2023-11-22,False,1117,5
327,7,2023-11-23,False,3551,8
328,52,2023-11-24,False,2093,3
329,39,2023-11-25,False,3217,7
330,57,2023-11-26,False,1340,6
331,4,2023-11-27,False,3540,8
332,98,2023-11-28,True,4600,3
333,18,2023-11-29,False,2747,3
334,5,2023-11-30,False,807,8
335,107,2023-12-01,False,1773,1
336,13,2023-12-02,True,3879,4
337,5,2023-12-03,True,4153,7
338,99,2023-12-04,False,661,5
339,38,2023-12-05,True,2012,6
340,34,2023-12-06,True,765,5
341,64,2023-12-07,False,3110,7
342,14,2023-12-08,False,4871,2
343,76,2023-12-09,True,4730,6
344,76,2023-12-10,False,4628,2
345,65,2023-12-11,False,1011,2
346,8,2023-12-12,False,2516,1
347,32,2023-12-13,True,3478,1
348,67,2023-12-14,False,1624,2
349,75,2023-12-15,False,1898,6
350,35,2023-12-16,False,2667,1
351,59,2023-12-17,True,4195,3
352,52,2023-12-18,True,650,6
353,31,2023-12-19,True,1089,2
354,107,2023-12-20,True,2778,6
355,2,2023-12-21,False,852,4
356,108,2023-12-22,True,1355,5
357,21,2023-12-23,False,3841,3
358,55,2023-12-24,True,1305,7
359,55,2023-12-25,True,210,2
360,93,2023-12-26,False,2364,9
361,41,2023-12-27,False,3882,3
362,7,2023-12-28,False,2037,1
363,2,2023-12-29,True,4665,9
364,41,2023-12-30,False,4662,7
365,93,2023-12-31,False,411,7
366,10,2024-01-01,True,4981,8
367,101,2024-01-02,True,2300,6
368,86,2024-01-03,True,4100,6
369,47,2024-01-04,False,363,7
370,42,2024-01-05,True,1803,3
371,17,2024-01-06,False,4626,2
372,71,2024-01-07,False,2086,9
373,30,2024-01-08,True,200,3
374,71,2024-01-09,True,3421,4
375,118,2024-01-10,True,4302,8
376,90,2024-01-11,False,258,3
377,58,2024-01-12,False,4414,1
378,48,2024-01-13,False,406,7
379,12,2024-01-14,False,95,4
380,47,2024-01-15,True,4180,4
381,103,2024-01-16,False,1725,1
382,24,2024-01-17,False,4116,5
383,45,2024-01-18,True,768,4
384,2,2024-01-19,True,4241,9
385,58,2024-01-20,True,3273,2
386,37,2024-01-21,True,1852,1
387,49,2024-01-22,False,2190,4
388,10,2024-01-23,False,657,5
389,105,2024-01-24,True,4687,4
390,93,2024-01-25,True,646,3
391,77,2024-01-26,True,2023,5
392,30,2024-01-27,False,4938,2
393,97,2024-01-28,True,2712,2
394,19,2024-01-29,False,4757,7
395,51,2024-01-30,True,3941,1
396,3,2024-01-31,False,1554,3
397,99,2024-02-01,True,2443,4
398,74,2024-02-02,False,3469,5
399,45,2024-02-03,False,2860,6
400,85,2024-02-04,False,1439,3
401,77,2024-02-05,True,2946,1
402,38,2024-02-06,True,746,5
403,97,2024-02-07,False,3883,7
404,113,2024-02-08,False,2357,4
405,89,2024-02-09,False,1159,8
406,35,2024-02-10,True,4024,8
407,107,2024-02-11,False,2421,7
408,119,2024-02-12,True,2441,7
409,81,2024-02-13,True,3545,3
410,88,2024-02-14,False,1168,5
411,22,2024-02-15,False,1490,9
412,100,2024-02-16,False,3863,6
413,74,2024-02-17,True,3830,7
414,113,2024-02-18,True,1594,7
415,20,2024-02-19,False,2485,5
416,56,2024-02-20,True,4094,5
417,55,2024-02-21,False,1716,9
418,77,2024-02-22,False,3027,4
419,10,2024-02-23,True,2484,7
420,40,2024-02-24,True,2058,2
421,44,2024-02-25,False,4246,6
422,89,2024-02-26,False,2376,1
423,100,2024-02-27,False,1292,2
424,46,2024-02-28,False,3447,6
425,102,2024-02-29,True,2496,3
426,117,2024-03-01,False,1000,4
427,24,2024-03-02,True,328,9
428,3,2024-03-03,False,2436,9
429,34,2024-03-04,False,4055,9
430,102,2024-03-05,True,634,1
431,61,2024-03-06,False,3796,4
432,61,2024-03-07,True,4174,9
433,88,2024-03-08,False,1783,5
434,117,2024-03-09,False,991,9
435,96,2024-03-10,False,4082,1
436,96,2024-03-11,False,3548,5
437,47,2024-03-12,False,866,5
438,67,2024-03-13,False,4799,2
439,109,2024-03-14,True,3524,9
440,85,2024-03-15,True,139,2
441,46,2024-03-16,True,138,6
442,85,2024-03-17,False,2222,3
443,6,2024-03-18,False,3206,7
444,75,2024-03-19,False,1232,9
445,72,2024-03-20,True,3507,1
446,33,2024-03-21,True,3287,7
447,102,2024-03-22,True,4152,8
448,68,2024-03-23,False,4258,1
449,63,2024-03-24,False,738,3
450,65,2024-03-25,False,1151,9
451,75,2024-03-26,False,1891,2
452,106,2024-03-27,True,1467,8
453,21,2024-03-28,True,1419,1
454,47,2024-03-29,False,3948,1
455,69,2024-03-30,False,303,8
456,49,2024-03-31,True,3340,6
457,97,2024-04-01,False,1252,2
458,81,2024-04-02,False,855,4
459,81,2024-04-03,True,4181,2
460,94,2024-04-04,False,2414,9
461,72,2024-04-05,False,3984,8
462,115,2024-04-06,True,3137,9
463,63,2024-04-07,False,871,6
464,101,2024-04-08,True,1993,6
465,70,2024-04-09,False,4407,1
466,60,2024-04-10,True,1054,8
467,18,2024-04-11,False,925,9
468,110,2024-04-12,True,1598,5
469,24,2024-04-13,False,2549,6
470,84,2024-04-14,True,864,8
471,40,2024-04-15,True,2475,9
472,17,2024-04-16,False,891,9
473,2,2024-04-17,False,1878,9
474,105,2024-04-18,False,3224,2
475,48,2024-04-19,True,4077,2
476,69,2024-04-20,False,779,1
477,85,2024-04-21,False,203,4
478,7,2024-04-22,True,1857,4
479,36,2024-04-23,True,3922,6
480,1,2024-04-24,True,3996,5
481,115,2024-04-25,True,1568,4
482,99,2024-04-26,True,4572,7
483,92,2024-04-27,True,2074,8
484,15,2024-04-28,True,165,4
485,73,2024-04-29,False,1272,2
486,64,2024-04-30,False,2488,4
487,97,2024-05-01,True,167,3
488,21,2024-05-02,False,1879,4
489,11,2024-05-03,False,2560,3
490,30,2024-05-04,False,3017,4
491,41,2024-05-05,True,3266,9
492,100,2024-05-06,True,2145,6
493,12,2024-05-07,False,2415,2
494,92,2024-05-08,False,4980,3
495,57,2024-05-09,False,2627,1
496,31,2024-05-10,False,1827,1
497,86,2024-05-11,True,1626,2
498,26,2024-05-12,True,390,1
499,96,2024-05-13,False,834,6
500,1,2024-05-14,False,3564,7
501,85,2024-05-15,False,643,6
502,106,2024-05-16,True,819,5
503,60,2024-05-17,False,1100,8
504,106,2024-05-18,False,964,6
505,85,2024-05-19,True,1214,3
506,101,2024-05-20,True,1430,4
507,6,2024-05-21,False,2818,6
508,15,2024-05-22,True,3231,2
509,42,2024-05-23,True,4731,4
510,61,2024-05-24,True,3535,1
511,49,2024-05-25,False,2641,7
512,51,2024-05-26,True,4285,7
513,20,2024-05-27,False,2448,9
514,101,2024-05-28,True,3651,5
515,91,2024-05-29,False,4877,8
516,64,2024-05-30,False,1581,4
517,119,2024-05-31,False,2619,5
518,75,2024-06-01,False,1817,3
519,21,2024-06-02,True,4549,7
520,111,2024-06-03,False,4122,9
521,40,2024-06-04,True,3407,3
522,43,2024-06-05,True,4476,6
523,107,2024-06-06,False,2485,2
524,77,2024-06-07,True,3398,6
525,54,2024-06-08,False,3532,1
526,1,2024-06-09,False,462,7
527,88,2024-06-10,True,1042,6
528,65,2024-06-11,True,792,7
529,92,2024-06-12,True,3319,3
530,4,2024-06-13,True,2316,3
531,41,2024-06-14,False,4710,6
532,59,2024-06-15,False,4849,6
533,31,2024-06-16,True,55,9
534,61,2024-06-17,True,1467,3
535,10,2024-06-18,True,947,5
536,47,2024-06-19,False,2230,8
537,50,2024-06-20,False,4917,7
538,43,2024-06-21,False,2539,8
539,65,2024-06-22,False,2430,6
540,99,2024-06-23,True,758,9
541,84,2024-06-24,True,1490,6
542,81,2024-06-25,True,911,5
543,76,2024-06-26,False,4331,9
544,13,2024-06-27,True,1169,2
545,56,2024-06-28,False,2625,2
546,58,2024-06-29,False,3803,6
547,84,2024-06-30,False,1412,3
548,41,2024-07-01,False,2019,9
549,13,2024-07-02,False,1026,8
550,111,2024-07-03,True,513,5
551,23,2024-07-04,True,3588,3
552,109,2024-07-05,True,1386,4
553,42,2024-07-06,False,184,2
554,15,2024-07-07,True,3644,2
555,101,2024-07-08,True,2217,4
556,7,2024-07-09,True,1650,3
557,80,2024-07-10,True,4598,1
558,18,2024-07-11,True,4572,5
559,114,2024-07-12,True,2249,6
560,84,2024-07-13,True,1994,1
561,5,2024-07-14,False,481,5
562,29,2024-07-15,False,2470,1
563,17,2024-07-16,True,202,1
564,62,2024-07-17,True,490,5
565,39,2024-07-18,False,1543,7
566,99,2024-07-19,True,1206,4
567,4,2024-07-20,True,2322,3
568,59,2024-07-21,False,20,4
569,33,2024-07-22,True,3452,3
570,85,2024-07-23,True,3346,7
571,104,2024-07-24,False,2234,4
572,81,2024-07-25,False,1414,6
573,118,2024-07-26,False,2863,1
574,34,2024-07-27,False,3090,6
575,67,2024-07-28,True,2127,8
576,23,2024-07-29,True,1973,2
577,19,2024-07-30,True,4866,3
578,63,2024-07-31,False,2975,2
579,44,2024-08-01,False,651,9
580,98,2024-08-02,True,797,5
581,12,2024-08-03,False,3348,4
582,19,2024-08-04,True,791,2
583,6,2024-08-05,True,2440,6
584,6,2024-08-06,False,2217,5
585,78,2024-08-07,False,4810,9
586,27,2024-08-08,True,3234,7
587,108,2024-08-09,True,694,1
588,9,2024-08-10,False,2775,2
589,55,2024-08-11,False,3286,8
590,116,2024-08-12,True,642,8
591,26,2024-08-13,True,450,7
592,68,2024-08-14,False,2170,5
593,70,2024-08-15,False,637,4
594,94,2024-08-16,True,1622,2
595,90,2024-08-17,False,2268,6
596,11,2024-08-18,False,3878,6
597,55,2024-08-19,True,3181,4
598,55,2024-08-20,False,3250,1
599,14,2024-08-21,False,4539,8
600,79,2024-08-22,False,4256,6
601,56,2024-08-23,False,1083,5
602,40,2024-08-24,False,1878,1
603,111,2024-08-25,True,2074,6
604,88,2024-08-26,True,4071,5
605,112,2024-08-27,False,848,5
606,119,2024-08-28,False,3517,6
607,116,2024-08-29,True,303,3
608,51,2024-08-30,False,536,5
609,84,2024-08-31,True,360,9
610,50,2024-09-01,True,4533,4
611,94,2024-09-02,True,1794,1
612,60,2024-09-03,True,3691,3
613,47,2024-09-04,False,1589,6
614,53,2024-09-05,False,3984,3
615,44,2024-09-06,True,4440,6
616,12,2024-09-07,True,2320,6
617,83,2024-09-08,True,911,3
618,84,2024-09-09,True,534,8
619,117,2024-09-10,True,554,5
620,105,2024-09-11,False,1272,7
621,6,2024-09-12,True,1375,4
622,23,2024-09-13,True,4503,4
623,40,2024-09-14,True,322,5
624,119,2024-09-15,False,3808,3
625,55,2024-09-16,False,2975,3
626,36,2024-09-17,True,1463,2
627,103,2024-09-18,False,1739,7
628,117,2024-09-19,True,476,5
629,4,2024-09-20,True,3955,4
630,34,2024-09-21,False,2051,3
631,50,2024-09-22,True,4607,6
632,4,2024-09-23,True,1931,1
633,66,2024-09-24,True,2785,9
634,89,2024-09-25,True,4321,5
635,55,2024-09-26,True,1182,4
636,100,2024-09-27,True,3708,2
637,67,2024-09-28,True,2600,2
638,68,2024-09-29,True,3419,5
639,89,2024-09-30,False,3553,9
640,41,2024-10-01,True,692,9
641,12,2024-10-02,True,841,1
642,26,2024-10-03,True,3620,7
643,78,2024-10-04,False,2027,2
644,55,2024-10-05,False,2503,3
645,42,2024-10-06,False,3357,7
646,58,2024-10-07,True,2279,5
647,53,2024-10-08,True,4764,9
648,82,2024-10-09,False,4714,2
649,73,2024-10-10,False,1702,6
650,8,2024-10-11,False,1333,1
651,71,2024-10-12,False,4542,5
652,50,2024-10-13,True,3299,1
653,6,2024-10-14,False,1114,8
654,30,2024-10-15,True,2517,2
655,13,2024-10-16,False,35,8
656,1,2024-10-17,False,410,9
657,90,2024-10-18,False,3860,1
658,17,2024-10-19,False,1869,8
659,47,2024-10-20,False,4069,9
660,78,2024-10-21,False,331,2
661,40,2024-10-22,False,983,4
662,46,2024-10-23,True,4734,7
663,19,2024-10-24,True,3423,9
664,4,2024-10-25,True,4922,8
665,70,2024-10-26,False,4153,6
666,14,2024-10-27,True,4309,7
667,114,2024-10-28,False,4276,9
668,103,2024-10-29,True,1635,7
669,30,2024-10-30,False,862,3
670,8,2024-10-31,False,2228,5
671,91,2024-11-01,True,2218,6
672,43,2024-11-02,False,1691,1
673,60,2024-11-03,True,1452,2
674,40,2024-11-04,True,3394,9
675,28,2024-11-05,True,1421,4
676,52,2024-11-06,False,3321,6
677,77,2024-11-07,True,2338,3
678,1,2024-11-08,False,3336,7
679,118,2024-11-09,False,2159,3
680,97,2024-11-10,False,1158,2
681,81,2024-11-11,False,1392,1
682,29,2024-11-12,True,4854,2
683,92,2024-11-13,True,1625,2
684,49,2024-11-14,False,2262,6
685,32,2024-11-15,False,2600,4
686,8,2024-11-16,True,4442,3
687,2,2024-11-17,True,4317,3
688,111,2024-11-18,False,4104,7
689,32,2024-11-19,True,3125,1
690,100,2024-11-20,True,2126,6
691,101,2024-11-21,True,857,8
692,68,2024-11-22,False,105,5
693,62,2024-11-23,False,3871,2
694,103,2024-11-24,True,3693,9
695,104,2024-11-25,False,2259,5
696,48,2024-11-26,True,1096,1
697,15,2024-11-27,False,1929,3
698,26,2024-11-28,True,1985,5
699,25,2024-11-29,False,2306,5
700,89,2024-11-30,False,3676,6
701,87,2024-12-01,False,2735,7
702,51,2024-12-02,True,848,3
703,40,2024-12-03,True,3106,1
704,111,2024-12-04,True,4985,5
705,116,2024-12-05,False,564,5
706,103,2024-12-06,True,1265,9
707,53,2024-12-07,True,2445,2
708,10,2024-12-08,True,3303,4
709,45,2024-12-09,False,420,9
710,86,2024-12-10,False,3807,1
711,46,2024-12-11,True,3852,9
712,105,2024-12-12,True,390,5
713,60,2024-12-13,False,4023,5
714,81,2024-12-14,False,2030,3
715,112,2024-12-15,True,3317,9
716,79,2024-12-16,False,4938,8
717,50,2024-12-17,True,1100,5
718,87,2024-12-18,False,3400,7
719,109,2024-12-19,True,252,4
720,40,2024-12-20,True,4899,3
721,23,2024-12-21,False,127,8
722,97,2024-12-22,True,3683,9
723,85,2024-12-23,False,3953,9
724,62,2024-12-24,True,4372,9
725,32,2024-12-25,True,2870,4
726,113,2024-12-26,True,144,6
727,97,2024-12-27,True,2508,3
728,103,2024-12-28,False,3951,2
729,38,2024-12-29,True,4034,3
730,30,2024-12-30,False,2042,7
731,107,2024-12-31,True,4259,4
732,4,2025-01-01,True,1609,1
733,62,2025-01-02,False,4226,8
734,78,2025-01-03,False,3516,2
735,4,2025-01-04,True,2221,9
736,36,2025-01-05,False,3994,4
737,85,2025-01-06,True,429,6
738,64,2025-01-07,False,2503,1
739,56,2025-01-08,True,4573,9
740,40,2025-01-09,False,4507,5
741,7,2025-01-10,False,3216,4
742,47,2025-01-11,False,2134,3
743,15,2025-01-12,True,3878,5
744,118,2025-01-13,False,1147,1
745,26,2025-01-14,False,4390,1
746,91,2025-01-15,False,4177,4
747,101,2025-01-16,False,4384,8
748,21,2025-01-17,False,385,3
749,83,2025-01-18,False,2569,4
750,83,2025-01-19,True,2752,6
751,4,2025-01-20,True,1394,8
752,93,2025-01-21,True,56,2
753,5,2025-01-22,False,4411,8
754,32,2025-01-23,True,4526,6
755,83,2025-01-24,True,2805,1
756,102,2025-01-25,True,3628,7
757,29,2025-01-26,False,183,8
758,55,2025-01-27,False,1346,2
759,70,2025-01-28,False,2194,9
760,85,2025-01-29,True,3729,4
761,99,2025-01-30,True,3764,2
762,32,2025-01-31,False,827,6
763,91,2025-02-01,False,4073,2
764,4,2025-02-02,False,1588,6
765,67,2025-02-03,False,1571,7
766,103,2025-02-04,False,1924,8
767,67,2025-02-05,True,1931,7
768,63,2025-02-06,False,4876,7
769,106,2025-02-07,False,220,3
770,63,2025-02-08,True,1746,2
771,116,2025-02-09,True,1862,8
772,2,2025-02-10,True,2701,9
773,16,2025-02-11,True,3149,8
774,38,2025-02-12,True,1940,4
775,27,2025-02-13,True,1908,6
776,71,2025-02-14,False,4506,9
777,76,2025-02-15,True,2549,7
778,100,2025-02-16,True,2835,9
779,84,2025-02-17,True,1314,7
780,5,2025-02-18,False,20,7
781,99,2025-02-19,True,1442,4
782,76,2025-02-20,False,2828,6
783,45,2025-02-21,False,1027,5
784,2,2025-02-22,False,3217,3
785,39,2025-02-23,False,41,3
786,42,2025-02-24,False,3104,6
787,10,2025-02-25,False,1156,5
788,100,2025-02-26,True,2275,2
789,108,2025-02-27,False,160,1
790,23,2025-02-28,False,2654,6
791,11,2025-03-01,False,1169,8
792,107,2025-03-02,True,1333,9
793,69,2025-03-03,True,2421,8
794,73,2025-03-04,False,1617,7
795,42,2025-03-05,True,4576,9
796,22,2025-03-06,True,3794,5
797,16,2025-03-07,True,4104,9
798,4,2025-03-08,False,876,8
799,65,2025-03-09,False,905,5
800,116,2025-03-10,True,1004,6
801,7,2025-03-11,True,2126,4
802,21,2025-03-12,False,3288,7
803,106,2025-03-13,False,426,4
804,32,2025-03-14,True,4177,2
805,67,2025-03-15,False,3179,7
806,109,2025-03-16,True,291,5
807,70,2025-03-17,True,1015,6
808,55,2025-03-18,False,276,3
809,38,2025-03-19,True,707,2
810,25,2025-03-20,False,4257,9
811,31,2025-03-21,True,4916,6
812,1,2025-03-22,False,1345,6
813,96,2025-03-23,False,1918,3
814,47,2025-03-24,True,2542,9
815,37,2025-03-25,False,67,7
816,17,2025-03-26,False,2387,6
817,47,2025-03-27,False,4166,5
818,119,2025-03-28,True,3683,5
819,76,2025-03-29,False,1007,4
820,83,2025-03-30,True,2213,9
821,101,2025-03-31,False,1319,7
822,60,2025-04-01,True,121,6
823,35,2025-04-02,True,2331,8
824,93,2025-04-03,True,4939,1
825,35,2025-04-04,True,3853,6
826,100,2025-04-05,False,4376,3
827,13,2025-04-06,True,1373,1
828,24,2025-04-07,True,4274,5
829,53,2025-04-08,True,2336,4
830,97,2025-04-09,False,4317,1
831,36,2025-04-10,False,1515,3
832,9,2025-04-11,False,8,8
833,18,2025-04-12,True,2941,2
834,100,2025-04-13,True,1761,2
835,60,2025-04-14,False,4891,1
836,54,2025-04-15,True,2128,5
837,79,2025-04-16,True,2658,3
838,87,2025-04-17,False,3664,4
839,51,2025-04-18,True,2067,3
840,31,2025-04-19,False,2659,2
841,19,2025-04-20,True,3261,5
842,82,2025-04-21,False,2375,6
843,52,2025-04-22,False,4961,2
844,67,2025-04-23,True,2025,7
845,93,2025-04-24,True,787,3
846,58,2025-04-25,False,4085,4
847,86,2025-04-26,True,2028,2
848,65,2025-04-27,True,3733,1
849,119,2025-04-28,False,39,7
850,67,2025-04-29,True,2840,1
851,105,2025-04-30,True,3452,9
852,70,2025-05-01,True,0,8
853,52,2025-05-02,False,766,5
854,46,2025-05-03,True,2266,1
855,58,2025-05-04,False,2970,9
856,75,2025-05-05,True,2362,8
857,55,2025-05-06,False,4433,9
858,44,2025-05-07,True,3015,7
859,12,2025-05-08,False,418,8
860,77,2025-05-09,False,2297,9
861,104,2025-05-10,True,3052,2
862,99,2025-05-11,True,2169,2
863,93,2025-05-12,False,4663,9
864,80,2025-05-13,True,3532,3
865,93,2025-05-14,True,313,1
866,107,2025-05-15,False,4057,3
867,85,2025-05-16,False,1115,6
868,111,2025-05-17,True,1587,4
869,49,2025-05-18,True,1448,2
870,22,2025-05-19,True,2192,2
871,102,2025-05-20,False,2142,1
872,70,2025-05-21,True,4537,1
873,18,2025-05-22,False,2559,9
874,32,2025-05-23,True,4408,1
875,1,2025-05-24,False,1157,2
876,18,2025-05-25,False,2876,9
877,113,2025-05-26,False,2232,3
878,27,2025-05-27,True,2347,9
879,27,2025-05-28,True,615,5
880,15,2025-05-29,True,2564,7
881,87,2025-05-30,False,4569,5
882,20,2025-05-31,False,2066,6
883,48,2025-06-01,False,2856,8
884,69,2025-06-02,True,3041,1
885,96,2025-06-03,True,195,8
886,106,2025-06-04,True,1605,1
887,44,2025-06-05,True,4845,8
888,115,2025-06-06,True,1644,1
889,54,2025-06-07,True,3014,4
890,96,2025-06-08,True,3433,3
891,22,2025-06-09,True,1273,3
892,16,2025-06-10,False,2452,7
893,105,2025-06-11,False,1852,9
894,86,2025-06-12,False,3202,6
895,96,2025-06-13,True,49,4
896,5,2025-06-14,True,3544,1
897,22,2025-06-15,False,1274,3
898,4,2025-06-16,True,4054,3
899,72,2025-06-17,True,1338,9
900,80,2025-06-18,True,4320,5
901,77,2025-06-19,True,4216,4
902,50,2025-06-20,False,44,9
903,65,2025-06-21,True,2613,4
904,116,2025-06-22,True,1678,3
905,71,2025-06-23,True,827,8
906,79,2025-06-24,True,1203,9
907,20,2025-06-25,True,2652,6
908,67,2025-06-26,False,3592,4
909,59,2025-06-27,True,3024,8
910,97,2025-06-28,True,1191,6
911,39,2025-06-29,True,2501,9
912,14,2025-06-30,False,4397,7
913,108,2025-07-01,False,3333,8
914,114,2025-07-02,False,2015,5
915,42,2025-07-03,True,1083,2
916,105,2025-07-04,False,2152,7
917,45,2025-07-05,False,4578,8
918,98,2025-07-06,True,585,4
919,20,2025-07-07,True,4475,2
920,110,2025-07-08,False,269,6
921,61,2025-07-09,False,69,1
922,86,2025-07-10,False,1276,8
923,79,2025-07-11,True,4641,2
924,27,2025-07-12,True,4679,6
925,32,2025-07-13,True,2951,1
926,91,2025-07-14,False,3411,4
927,29,2025-07-15,False,2844,5
928,97,2025-07-16,True,4240,6
929,95,2025-07-17,False,1710,5
930,86,2025-07-18,True,2990,2
931,100,2025-07-19,False,2768,8
932,42,2025-07-20,False,2182,1
933,8,2025-07-21,False,4871,3
934,50,2025-07-22,False,1215,3
935,109,2025-07-23,True,2556,6
936,84,2025-07-24,True,1961,9
937,93,2025-07-25,False,1592,3
938,107,2025-07-26,True,1232,1
939,9,2025-07-27,True,2668,6
940,5,2025-07-28,False,1604,9
941,105,2025-07-29,False,4393,9
942,58,2025-07-30,True,4399,7
943,97,2025-07-31,True,1687,5
944,84,2025-08-01,False,3718,3
945,3,2025-08-02,False,881,8
946,106,2025-08-03,False,4012,9
947,45,2025-08-04,True,355,7
948,38,2025-08-05,True,3868,2
949,66,2025-08-06,False,132,2
950,59,2025-08-07,True,2420,3
951,119,2025-08-08,True,934,6
952,97,2025-08-09,False,3914,8
953,24,2025-08-10,True,1500,2
954,64,2025-08-11,False,2329,9
955,84,2025-08-12,True,279,8
956,59,2025-08-13,False,334,6
957,85,2025-08-14,False,1368,1
958,84,2025-08-15,False,2305,1
959,112,2025-08-16,True,4085,2
960,26,2025-08-17,True,4566,8
961,33,2025-08-18,True,3532,5
962,34,2025-08-19,True,3007,7
963,88,2025-08-20,False,4665,1
964,108,2025-08-21,False,4199,1
965,25,2025-08-22,False,3227,5
966,67,2025-08-23,True,2927,8
967,40,2025-08-24,True,1748,6
968,33,2025-08-25,False,2208,2
969,49,2025-08-26,True,3833,6
970,24,2025-08-27,False,3833,7
971,113,2025-08-28,False,766,4
972,76,2025-08-29,True,2710,6
973,31,2025-08-30,True,2098,8
974,1,2025-08-31,True,3154,5
975,32,2025-09-01,False,668,9
976,56,2025-09-02,True,2165,5
977,105,2025-09-03,False,3523,3
978,48,2025-09-04,False,4725,9
979,110,2025-09-05,False,679,6
980,104,2025-09-06,False,2236,5
981,39,2025-09-07,True,2778,9
982,38,2025-09-08,False,4716,4
983,92,2025-09-09,True,4159,2
984,11,2025-09-10,True,3397,2
985,70,2025-09-11,True,4979,6
986,58,2025-09-12,False,1941,3
987,71,2025-09-13,True,3267,1
988,2,2025-09-14,True,3069,3
989,33,2025-09-15,True,1480,4
990,4,2025-09-16,True,3870,6
991,110,2025-09-17,True,235,8
992,82,2025-09-18,False,1109,3
993,100,2025-09-19,True,1507,6
994,57,2025-09-20,False,4075,3
995,31,2025-09-21,True,3750,3
996,52,2025-09-22,True,3878,9
997,29,2025-09-23,False,1366,9
998,41,2025-09-24,True,2193,2
999,111,2025-09-25,False,1449,4
1000,102,2025-09-26,True,1620,3
